{
  "mean": [
    55.20000076293945,
    50.71428680419922,
    3153.761962890625,
    3154.533447265625
  ],
  "std": [
    33.50519561767578,
    32.794219970703125,
    2088.01220703125,
    2087.791259765625
  ],
  "episodes": 5,
  "seed": 0,
  "num_samples": 105
}