{
  "mean": [
    1.6462810039520264,
    0.0,
    25.355371475219727,
    26.459505081176758
  ],
  "std": [
    1.2546151876449585,
    9.999999974752427e-07,
    21.918567657470703,
    22.454879760742188
  ],
  "episodes": 5,
  "seed": 0,
  "num_samples": 605
}