{
  "mean": [
    1.4595041275024414,
    0.0,
    18.67603302001953,
    22.095867156982422
  ],
  "std": [
    1.2144129276275635,
    9.999999974752427e-07,
    18.967422485351562,
    19.345096588134766
  ],
  "episodes": 5,
  "seed": 0,
  "num_samples": 605
}