{
  "mean": [
    18.799999237060547,
    17.285715103149414,
    1072.90478515625,
    1073.5238037109375
  ],
  "std": [
    11.506853103637695,
    10.946374893188477,
    693.6771240234375,
    679.6573486328125
  ],
  "episodes": 5,
  "seed": 0,
  "num_samples": 105
}