{
  "mean": [
    1.781818151473999,
    0.0,
    26.59173583984375,
    30.67603302001953
  ],
  "std": [
    1.2877050638198853,
    9.999999974752427e-07,
    21.53461265563965,
    25.24434471130371
  ],
  "episodes": 5,
  "seed": 0,
  "num_samples": 605
}