{
  "mean": [
    39.46281051635742,
    32.36198425292969,
    2454.933837890625,
    2066.851318359375
  ],
  "std": [
    23.473718643188477,
    20.800561904907227,
    1505.3775634765625,
    1332.3897705078125
  ],
  "episodes": 5,
  "seed": 0,
  "num_samples": 605,
  "state_dim": 4,
  "feature_names": [
    "q_NS",
    "q_EW",
    "w_NS",
    "w_EW"
  ]
}